{
    "msg": {
        "FN1emission": 53.790605824427736,
        "FN2emission": 50.422494718243584,
        "FN3emission": 51.405498680343655,
        "FN1gas": 11.094709872690911,
        "FN2gas": 55.35750505666709,
        "FN3gas": 40.20569481380699,
        "FN1water": 944.9527636591989,
        "FN2water": 226.32949311692562,
        "FN3water": 924.539721205405,
        "FN1energy": 703.5562498113293,
        "FN2energy": 843.3078338876593,
        "FN3energy": 652.0687490022954,
        "FN1scope1_StationaryCombustion": 55.1559331629733,
        "FN1scope1_MobileCombustion": 57.72062460587656,
        "FN1scope1_ProcessEmissions": 57.21381725341465,
        "FN1scope1_FugitiveEmissions": 51.37371524489425,
        "FN2scope1_StationaryCombustion": 53.44245449470691,
        "FN2scope1_MobileCombustion": 50.56094390899345,
        "FN2scope1_ProcessEmissions": 53.65936947152865,
        "FN2scope1_FugitiveEmissions": 57.39159626968889,
        "FN3scope1_StationaryCombustion": 56.062320186777775,
        "FN3scope1_MobileCombustion": 51.98297572848683,
        "FN3scope1_ProcessEmissions": 54.92370213569326,
        "FN3scope1_FugitiveEmissions": 53.66075324044958,
        "FN1scope2_ElectricityConsumption": 57.332005198282346,
        "FN1scope2_HeatingAndCooling": 50.8795604508595,
        "FN2scope2_ElectricityConsumption": 58.18103150103373,
        "FN2scope2_HeatingAndCooling": 57.92350645190253,
        "FN3scope2_ElectricityConsumption": 55.738887754512064,
        "FN3scope2_HeatingAndCooling": 54.45939316741801,
        "FN1scope3_UpstreamEmissionPurchasedGoodsAndServices": 51.71785405514634,
        "FN1scope3_UpstreamEmissionWasteGeneratedInOperations": 54.53666619376962,
        "FN1scope3_UpstreamEmissionCapitalGoods": 57.97800787130507,
        "FN1scope3_UpstreamEmissionFuelAndEnergyRelatedActivities": 54.00225764234328,
        "FN1scope3_UpstreamEmissionTransportationAndDistribution": 50.80528718082967,
        "FN1scope3_UpstreamEmissionBusinessTravel": 51.259569417799995,
        "FN1scope3_UpstreamEmissionEmployeeCommuting": 57.42107469832248,
        "FN1scope3_DownstreamEmissionsTransportationAndDistribution": 55.31115085567093,
        "FN1scope3_DownstreamEmissionsProcessingOfSoldProducts": 54.13684238885674,
        "FN1scope3_DownstreamEmissionsUseOfSoldProducts": 52.56108822760803,
        "FN1scope3_DownstreamEmissionsEndOfLifeTreatmentOfSoldProducts": 53.61073747791857,
        "FN1scope3_DownstreamEmissionsFranchises": 58.19417250736513,
        "FN1scope3_DownstreamEmissionsInvestments": 54.44900539381601,
        "FN2scope3_UpstreamEmissionPurchasedGoodsAndServices": 56.700228444645674,
        "FN2scope3_UpstreamEmissionWasteGeneratedInOperations": 52.71395148978404,
        "FN2scope3_UpstreamEmissionCapitalGoods": 55.198347062940115,
        "FN2scope3_UpstreamEmissionFuelAndEnergyRelatedActivities": 58.63400038831667,
        "FN2scope3_UpstreamEmissionTransportationAndDistribution": 51.95712193624481,
        "FN2scope3_UpstreamEmissionBusinessTravel": 54.281785032319334,
        "FN2scope3_UpstreamEmissionEmployeeCommuting": 52.85548731306706,
        "FN2scope3_DownstreamEmissionsTransportationAndDistribution": 53.502765097693384,
        "FN2scope3_DownstreamEmissionsProcessingOfSoldProducts": 53.0323865123452,
        "FN2scope3_DownstreamEmissionsUseOfSoldProducts": 56.64281301795275,
        "FN2scope3_DownstreamEmissionsEndOfLifeTreatmentOfSoldProducts": 51.30404208322268,
        "FN2scope3_DownstreamEmissionsFranchises": 53.1560066521045,
        "FN2scope3_DownstreamEmissionsInvestments": 58.07121077630085,
        "FN3scope3_UpstreamEmissionPurchasedGoodsAndServices": 56.38766487908729,
        "FN3scope3_UpstreamEmissionWasteGeneratedInOperations": 59.247506787622186,
        "FN3scope3_UpstreamEmissionCapitalGoods": 54.08769906963982,
        "FN3scope3_UpstreamEmissionFuelAndEnergyRelatedActivities": 57.74729548569506,
        "FN3scope3_UpstreamEmissionTransportationAndDistribution": 54.49210012688319,
        "FN3scope3_UpstreamEmissionBusinessTravel": 59.42208206254253,
        "FN3scope3_UpstreamEmissionEmployeeCommuting": 58.99997734566201,
        "FN3scope3_DownstreamEmissionsTransportationAndDistribution": 54.19465189660805,
        "FN3scope3_DownstreamEmissionsProcessingOfSoldProducts": 56.386146236366606,
        "FN3scope3_DownstreamEmissionsUseOfSoldProducts": 53.30497727449435,
        "FN3scope3_DownstreamEmissionsEndOfLifeTreatmentOfSoldProducts": 52.211018462222,
        "FN3scope3_DownstreamEmissionsFranchises": 55.02732682186452,
        "FN3scope3_DownstreamEmissionsInvestments": 50.26701404535605,
        "FN1totalBillPrice": 1659,
        "FN2totalBillPrice": 1124,
        "FN3totalBillPrice": 1616,
        "FS1emission": 55.22324234287853,
        "FS2emission": 58.12060078418013,
        "FS3emission": 51.55085513608565,
        "FS1gas": 21.08989087283607,
        "FS2gas": 0.13997200362037,
        "FS3gas": 92.89663906633582,
        "FS1water": 236.31711636403907,
        "FS2water": 204.73768425715411,
        "FS3water": 114.98217973767466,
        "FS1energy": 663.7970949245286,
        "FS2energy": 508.5373308535547,
        "FS3energy": 619.3324246744884,
        "FS1scope1_StationaryCombustion": 56.206667681300594,
        "FS1scope1_MobileCombustion": 55.70879821574591,
        "FS1scope1_ProcessEmissions": 53.63123157920291,
        "FS1scope1_FugitiveEmissions": 51.79532235079911,
        "FS2scope1_StationaryCombustion": 51.20663462280343,
        "FS2scope1_MobileCombustion": 59.49930190955851,
        "FS2scope1_ProcessEmissions": 54.278044185352705,
        "FS2scope1_FugitiveEmissions": 57.34600041686197,
        "FS3scope1_StationaryCombustion": 51.73924436459448,
        "FS3scope1_MobileCombustion": 58.837536536581354,
        "FS3scope1_ProcessEmissions": 59.353521111859806,
        "FS3scope1_FugitiveEmissions": 53.93307096254357,
        "FS1scope2_ElectricityConsumption": 56.29191055139065,
        "FS1scope2_HeatingAndCooling": 50.57272048380039,
        "FS2scope2_ElectricityConsumption": 50.50032129438237,
        "FS2scope2_HeatingAndCooling": 53.688281753086365,
        "FS3scope2_ElectricityConsumption": 57.90776126228448,
        "FS3scope2_HeatingAndCooling": 56.48049983136145,
        "FS1scope3_UpstreamEmissionPurchasedGoodsAndServices": 55.83019926065677,
        "FS1scope3_UpstreamEmissionWasteGeneratedInOperations": 51.6747558348954,
        "FS1scope3_UpstreamEmissionCapitalGoods": 55.58507264336093,
        "FS1scope3_UpstreamEmissionFuelAndEnergyRelatedActivities": 53.45328459126015,
        "FS1scope3_UpstreamEmissionTransportationAndDistribution": 50.700909029099776,
        "FS1scope3_UpstreamEmissionBusinessTravel": 56.34265893602916,
        "FS1scope3_UpstreamEmissionEmployeeCommuting": 52.921842942811274,
        "FS1scope3_DownstreamEmissionsTransportationAndDistribution": 51.7401253445428,
        "FS1scope3_DownstreamEmissionsProcessingOfSoldProducts": 58.791963362041166,
        "FS1scope3_DownstreamEmissionsUseOfSoldProducts": 53.96916969955603,
        "FS1scope3_DownstreamEmissionsEndOfLifeTreatmentOfSoldProducts": 54.83078575781815,
        "FS1scope3_DownstreamEmissionsFranchises": 52.87281578491442,
        "FS1scope3_DownstreamEmissionsInvestments": 56.584634383284744,
        "FS2scope3_UpstreamEmissionPurchasedGoodsAndServices": 57.730982082738265,
        "FS2scope3_UpstreamEmissionWasteGeneratedInOperations": 52.24941864451849,
        "FS2scope3_UpstreamEmissionCapitalGoods": 51.79257301551579,
        "FS2scope3_UpstreamEmissionFuelAndEnergyRelatedActivities": 58.45298657275315,
        "FS2scope3_UpstreamEmissionTransportationAndDistribution": 53.33531583100279,
        "FS2scope3_UpstreamEmissionBusinessTravel": 57.06979600201194,
        "FS2scope3_UpstreamEmissionEmployeeCommuting": 52.90570557976411,
        "FS2scope3_DownstreamEmissionsTransportationAndDistribution": 53.097634654419636,